<?xml version="1.0" encoding="UTF-8"?><?xml-stylesheet type='text/xsl' href='_UpgradeReport_Files/UpgradeReport.xslt'?><UpgradeLog>
<Properties><Property Name="Solution" Value="ADAPTEmulator">
</Property><Property Name="Solution File" Value="D:\Main\Emote-dev\Dev\MicroFrameworkPK_v4_0\Emulator\NETMF_EmoteEmulator\ADAPTEmulator\ADAPTEmulator\ADAPTEmulator.sln">
</Property><Property Name="Date" Value="Wednesday, May 16, 2012">
</Property><Property Name="Time" Value="15:07:26 PM">
</Property></Properties><Event ErrorLevel="0" Project="ADAPTEmulator" Source="ADAPTEmulator.csproj" Description="Project file successfully backed up as D:\Main\Emote-dev\Dev\MicroFrameworkPK_v4_0\Emulator\NETMF_EmoteEmulator\ADAPTEmulator\ADAPTEmulator\Backup\ADAPTEmulator.csproj">
</Event><Event ErrorLevel="0" Project="ADAPTEmulator" Source="ADAPTEmulator.csproj.user" Description="Project user file successfully backed up as D:\Main\Emote-dev\Dev\MicroFrameworkPK_v4_0\Emulator\NETMF_EmoteEmulator\ADAPTEmulator\ADAPTEmulator\Backup\ADAPTEmulator.csproj.user">
</Event><Event ErrorLevel="0" Project="ADAPTEmulator" Source="CarGUI.xaml.cs" Description="File successfully backed up as D:\Main\Emote-dev\Dev\MicroFrameworkPK_v4_0\Emulator\NETMF_EmoteEmulator\ADAPTEmulator\ADAPTEmulator\Backup\CarGUI.xaml.cs">
</Event><Event ErrorLevel="0" Project="ADAPTEmulator" Source="OpenLoopCarIO.cs" Description="File successfully backed up as D:\Main\Emote-dev\Dev\MicroFrameworkPK_v4_0\Emulator\NETMF_EmoteEmulator\ADAPTEmulator\ADAPTEmulator\Backup\OpenLoopCarIO.cs">
</Event><Event ErrorLevel="0" Project="ADAPTEmulator" Source="Form2.cs" Description="File successfully backed up as D:\Main\Emote-dev\Dev\MicroFrameworkPK_v4_0\Emulator\NETMF_EmoteEmulator\ADAPTEmulator\ADAPTEmulator\Backup\Form2.cs">
</Event><Event ErrorLevel="0" Project="ADAPTEmulator" Source="Form2.Designer.cs" Description="File successfully backed up as D:\Main\Emote-dev\Dev\MicroFrameworkPK_v4_0\Emulator\NETMF_EmoteEmulator\ADAPTEmulator\ADAPTEmulator\Backup\Form2.Designer.cs">
</Event><Event ErrorLevel="0" Project="ADAPTEmulator" Source="OpenLoopCar.cs" Description="File successfully backed up as D:\Main\Emote-dev\Dev\MicroFrameworkPK_v4_0\Emulator\NETMF_EmoteEmulator\ADAPTEmulator\ADAPTEmulator\Backup\OpenLoopCar.cs">
</Event><Event ErrorLevel="0" Project="ADAPTEmulator" Source="ExternalInput.cs" Description="File successfully backed up as D:\Main\Emote-dev\Dev\MicroFrameworkPK_v4_0\Emulator\NETMF_EmoteEmulator\ADAPTEmulator\ADAPTEmulator\Backup\ExternalInput.cs">
</Event><Event ErrorLevel="0" Project="ADAPTEmulator" Source="Form1.cs" Description="File successfully backed up as D:\Main\Emote-dev\Dev\MicroFrameworkPK_v4_0\Emulator\NETMF_EmoteEmulator\ADAPTEmulator\ADAPTEmulator\Backup\Form1.cs">
</Event><Event ErrorLevel="0" Project="ADAPTEmulator" Source="Form1.Designer.cs" Description="File successfully backed up as D:\Main\Emote-dev\Dev\MicroFrameworkPK_v4_0\Emulator\NETMF_EmoteEmulator\ADAPTEmulator\ADAPTEmulator\Backup\Form1.Designer.cs">
</Event><Event ErrorLevel="0" Project="ADAPTEmulator" Source="Program.cs" Description="File successfully backed up as D:\Main\Emote-dev\Dev\MicroFrameworkPK_v4_0\Emulator\NETMF_EmoteEmulator\ADAPTEmulator\ADAPTEmulator\Backup\Program.cs">
</Event><Event ErrorLevel="0" Project="ADAPTEmulator" Source="Properties\AssemblyInfo.cs" Description="File successfully backed up as D:\Main\Emote-dev\Dev\MicroFrameworkPK_v4_0\Emulator\NETMF_EmoteEmulator\ADAPTEmulator\ADAPTEmulator\Backup\Properties\AssemblyInfo.cs">
</Event><Event ErrorLevel="0" Project="ADAPTEmulator" Source="Properties\Resources.Designer.cs" Description="File successfully backed up as D:\Main\Emote-dev\Dev\MicroFrameworkPK_v4_0\Emulator\NETMF_EmoteEmulator\ADAPTEmulator\ADAPTEmulator\Backup\Properties\Resources.Designer.cs">
</Event><Event ErrorLevel="0" Project="ADAPTEmulator" Source="Properties\Settings.Designer.cs" Description="File successfully backed up as D:\Main\Emote-dev\Dev\MicroFrameworkPK_v4_0\Emulator\NETMF_EmoteEmulator\ADAPTEmulator\ADAPTEmulator\Backup\Properties\Settings.Designer.cs">
</Event><Event ErrorLevel="0" Project="ADAPTEmulator" Source="Settings.cs" Description="File successfully backed up as D:\Main\Emote-dev\Dev\MicroFrameworkPK_v4_0\Emulator\NETMF_EmoteEmulator\ADAPTEmulator\ADAPTEmulator\Backup\Settings.cs">
</Event><Event ErrorLevel="0" Project="ADAPTEmulator" Source="Emulator.config" Description="File successfully backed up as D:\Main\Emote-dev\Dev\MicroFrameworkPK_v4_0\Emulator\NETMF_EmoteEmulator\ADAPTEmulator\ADAPTEmulator\Backup\Emulator.config">
</Event><Event ErrorLevel="0" Project="ADAPTEmulator" Source="Properties\Settings.settings" Description="File successfully backed up as D:\Main\Emote-dev\Dev\MicroFrameworkPK_v4_0\Emulator\NETMF_EmoteEmulator\ADAPTEmulator\ADAPTEmulator\Backup\Properties\Settings.settings">
</Event><Event ErrorLevel="0" Project="ADAPTEmulator" Source="Form1.resx" Description="File successfully backed up as D:\Main\Emote-dev\Dev\MicroFrameworkPK_v4_0\Emulator\NETMF_EmoteEmulator\ADAPTEmulator\ADAPTEmulator\Backup\Form1.resx">
</Event><Event ErrorLevel="0" Project="ADAPTEmulator" Source="Form2.resx" Description="File successfully backed up as D:\Main\Emote-dev\Dev\MicroFrameworkPK_v4_0\Emulator\NETMF_EmoteEmulator\ADAPTEmulator\ADAPTEmulator\Backup\Form2.resx">
</Event><Event ErrorLevel="0" Project="ADAPTEmulator" Source="Properties\Resources.resx" Description="File successfully backed up as D:\Main\Emote-dev\Dev\MicroFrameworkPK_v4_0\Emulator\NETMF_EmoteEmulator\ADAPTEmulator\ADAPTEmulator\Backup\Properties\Resources.resx">
</Event><Event ErrorLevel="0" Project="ADAPTEmulator" Source="CarGUI.xaml" Description="File successfully backed up as D:\Main\Emote-dev\Dev\MicroFrameworkPK_v4_0\Emulator\NETMF_EmoteEmulator\ADAPTEmulator\ADAPTEmulator\Backup\CarGUI.xaml">
</Event><Event ErrorLevel="0" Project="ADAPTEmulator" Source="ADAPTEmulator.csproj" Description="Project converted successfully">
</Event><Event ErrorLevel="3" Project="ADAPTEmulator" Source="ADAPTEmulator.csproj" Description="Converted">
</Event><Event ErrorLevel="0" Project="ADAPTEmulator" Source="ADAPTEmulator.csproj" Description="Scan complete: Upgrade not required for project files.">
</Event></UpgradeLog>