<?xml version="1.0" encoding="utf-8"?>
<AssemblyGraph><Assembly Name="mscorlib" Version="4.0.1681.0" Hash="0x7F0D1272" Flags="0x00000000"><Type Name="System.Object" Hash="0xC57E8846"/><Type Name="System.Attribute" Hash="0xA8E15BEF"/><Type Name="System.Diagnostics.DebuggableAttribute" Hash="0x18440223"/><Type Name="System.ValueType" Hash="0xDF05EB34"/><Type Name="System.Enum" Hash="0x896EFD82"/><Type Name="System.Diagnostics.DebuggableAttribute+DebuggingModes" Hash="0x4C8579E6"/><Type Name="System.Exception" Hash="0x99B30927"/><Type Name="System.SystemException" Hash="0xD25B9130"/><Type Name="System.IO.IOException" Hash="0xD85D5EE8"/><Type Name="System.IO.IOException+IOExceptionErrorCode" Hash="0x3F4ADC42"/><Type Name="System.ICloneable" Hash="0x8FD5269E"/><Type Name="System.Collections.IEnumerable" Hash="0x135400EA"/><Type Name="System.Collections.ICollection" Hash="0x4A8914BA"/><Type Name="System.Collections.IList" Hash="0xB2000403"/><Type Name="System.Array" Hash="0x7FDD2048"/><Type Name="System.Collections.IEnumerator" Hash="0x2AB0F72E"/><Type Name="System.Array+SZArrayEnumerator" Hash="0x338F6C78"/><Type Name="System.Globalization.Resources.CultureInfo" Hash="0x2B5028A3"/><Type Name="System.Globalization.Resources.CultureInfo+StringResources" Hash="0x9AEDE4AE"/><Type Name="System.MarshalByRefObject" Hash="0xBAFD1394"/><Type Name="System.AppDomain" Hash="0x137EFD4E"/><Type Name="System.AppDomainUnloadedException" Hash="0xAAE8FAE5"/><Type Name="System.ApplicationException" Hash="0x26144EFA"/><Type Name="System.ArgumentException" Hash="0x2D684788"/><Type Name="System.ArgumentNullException" Hash="0x8B43EF24"/><Type Name="System.ArgumentOutOfRangeException" Hash="0x11542522"/><Type Name="System.Delegate" Hash="0x6245AC3E"/><Type Name="System.MulticastDelegate" Hash="0xF4E8E72E"/><Type Name="System.AsyncCallback" Hash="0x2944359E"/><Type Name="System.Boolean" Hash="0xDE1B38C2"/><Type Name="System.Byte" Hash="0xE640BC87"/><Type Name="System.Char" Hash="0x0C0E4AE5"/><Type Name="System.Collections.ArrayList" Hash="0xE3540BEB"/><Type Name="System.Collections.IComparer" Hash="0x04053F77"/><Type Name="System.Collections.Queue" Hash="0xBA60800A"/><Type Name="System.Collections.Stack" Hash="0xC84082EE"/><Type Name="System.ComponentModel.EditorBrowsableState" Hash="0x4CC3C4C3"/><Type Name="System.Convert" Hash="0x75880B7E"/><Type Name="System.TimeZone" Hash="0x5E066DF5"/><Type Name="System.CurrentSystemTimeZone" Hash="0xA8B90D3C"/><Type Name="System.DateTime" Hash="0x62967551"/><Type Name="System.DateTimeKind" Hash="0x64906EFD"/><Type Name="System.DayOfWeek" Hash="0x3C97A362"/><Type Name="System.Diagnostics.Debugger" Hash="0xC77C6FB5"/><Type Name="System.Double" Hash="0xFBFF721F"/><Type Name="System.GC" Hash="0xD164C3DC"/><Type Name="System.Globalization.CultureInfo" Hash="0x4AEFAE10"/><Type Name="System.Globalization.CultureTypes" Hash="0x903E872F"/><Type Name="System.Globalization.DateTimeFormat" Hash="0x7DAEDD4A"/><Type Name="System.Globalization.DateTimeFormatInfo" Hash="0x6D73131A"/><Type Name="System.Globalization.DaylightTime" Hash="0x34B548BF"/><Type Name="System.Globalization.NumberFormatInfo" Hash="0x53D9C7A8"/><Type Name="System.Guid" Hash="0x5E772CA8"/><Type Name="System.IAsyncResult" Hash="0x9EC111C5"/><Type Name="System.IComparable" Hash="0xAEAAF96C"/><Type Name="System.ICustomFormatter" Hash="0x905BC2D7"/><Type Name="System.IDisposable" Hash="0x6B77F619"/><Type Name="System.IFormatProvider" Hash="0xA17C3611"/><Type Name="System.IFormattable" Hash="0x45BB4FBB"/><Type Name="System.IO.SeekOrigin" Hash="0xD0DC667D"/><Type Name="System.IO.Stream" Hash="0xE05AAA19"/><Type Name="System.IndexOutOfRangeException" Hash="0xB6072AB9"/><Type Name="System.Int16" Hash="0x687A6A6F"/><Type Name="System.Int32" Hash="0xA152B262"/><Type Name="System.Int64" Hash="0xB8C0D759"/><Type Name="System.IntPtr" Hash="0x2DBF1C76"/><Type Name="System.InvalidCastException" Hash="0x36750968"/><Type Name="System.InvalidOperationException" Hash="0x6B7E47BA"/><Type Name="System.Math" Hash="0xBE96EC92"/><Type Name="System.NotImplementedException" Hash="0x0FDF1D57"/><Type Name="System.NotSupportedException" Hash="0x8BE465CF"/><Type Name="System.NullReferenceException" Hash="0xE02F4448"/><Type Name="System.Number" Hash="0x40BEEBCC"/><Type Name="System.ObjectDisposedException" Hash="0x7C45E959"/><Type Name="System.OutOfMemoryException" Hash="0x0B73B1C6"/><Type Name="System.Random" Hash="0x72A55C32"/><Type Name="System.Reflection.Assembly" Hash="0x1E360FBD"/><Type Name="System.Reflection.AssemblyName" Hash="0x79EA7988"/><Type Name="System.Reflection.AssemblyNameFlags" Hash="0x16577E05"/><Type Name="System.Reflection.Binder" Hash="0x7ED22612"/><Type Name="System.Reflection.BindingFlags" Hash="0x1DC4C7DF"/><Type Name="System.Reflection.MemberInfo" Hash="0xCBCC1986"/><Type Name="System.Reflection.MethodBase" Hash="0xE03783A1"/><Type Name="System.Reflection.ConstructorInfo" Hash="0xCDE83759"/><Type Name="System.Reflection.FieldInfo" Hash="0x9D331DE3"/><Type Name="System.Reflection.IReflect" Hash="0x2F4363D4"/><Type Name="System.Reflection.MemberTypes" Hash="0xD3D610D4"/><Type Name="System.Reflection.MethodInfo" Hash="0xDA8227D8"/><Type Name="System.Reflection.ProcessorArchitecture" Hash="0x35B28AD2"/><Type Name="System.Reflection.PropertyInfo" Hash="0xBEC0A3DF"/><Type Name="System.Reflection.RuntimeConstructorInfo" Hash="0xEEEE6743"/><Type Name="System.Reflection.RuntimeFieldInfo" Hash="0x0D3C3DBC"/><Type Name="System.Reflection.RuntimeMethodInfo" Hash="0xF0BF4346"/><Type Name="System.Resources.ResourceManager" Hash="0x90B1E4D7"/><Type Name="System.Runtime.CompilerServices.RuntimeHelpers" Hash="0x5F99280C"/><Type Name="System.Runtime.Remoting.RemotingServices" Hash="0x9BA22B1B"/><Type Name="System.RuntimeArgumentHandle" Hash="0xA88EC8A3"/><Type Name="System.RuntimeFieldHandle" Hash="0xA304A039"/><Type Name="System.RuntimeMethodHandle" Hash="0x9FAA52A7"/><Type Name="System.Type" Hash="0x0BA3C8BE"/><Type Name="System.RuntimeType" Hash="0x1A5B9581"/><Type Name="System.RuntimeTypeHandle" Hash="0x427E91E2"/><Type Name="System.SByte" Hash="0xA41A4522"/><Type Name="System.Single" Hash="0x3FE43D4C"/><Type Name="System.String" Hash="0xAC9D63C7"/><Type Name="System.Text.Decoder" Hash="0xD8E276DA"/><Type Name="System.Text.Encoding" Hash="0x48FCDA10"/><Type Name="System.Text.UTF8Decoder" Hash="0xC0912637"/><Type Name="System.Text.UTF8Encoding" Hash="0x51B501D8"/><Type Name="System.Threading.WaitHandle" Hash="0xC9BB388A"/><Type Name="System.Threading.AutoResetEvent" Hash="0x8733ADBA"/><Type Name="System.Threading.Interlocked" Hash="0xE5948A35"/><Type Name="System.Threading.ManualResetEvent" Hash="0x9A8808A8"/><Type Name="System.Threading.Monitor" Hash="0xF1DE1BE9"/><Type Name="System.Threading.Thread" Hash="0x0FB0DC10"/><Type Name="System.Threading.ThreadAbortException" Hash="0xE71652F2"/><Type Name="System.Threading.ThreadPriority" Hash="0x1BBDCDFA"/><Type Name="System.Threading.ThreadStart" Hash="0x2FC0C6DD"/><Type Name="System.Threading.ThreadState" Hash="0x5AC028B4"/><Type Name="System.Threading.Timer" Hash="0x8AC592E7"/><Type Name="System.Threading.TimerCallback" Hash="0xC998BD44"/><Type Name="System.TimeSpan" Hash="0x3B8F93F6"/><Type Name="System.TypeCode" Hash="0xE294C7D3"/><Type Name="System.UInt16" Hash="0x32D749EB"/><Type Name="System.UInt32" Hash="0xFBFF91E6"/><Type Name="System.UInt64" Hash="0xE26DF4DD"/><Type Name="System.Version" Hash="0x44892834"/><Type Name="System.Void" Hash="0xE221C72F"/><Type Name="System.WeakReference" Hash="0x59D8AE71"/></Assembly><Assembly Name="Microsoft.SPOT.HelloWorld" Version="4.0.1681.0" Hash="0xB97F54CB" Flags="0x00000000"><AssemblyRef Name="mscorlib" Version="4.0.1681.0" Hash="0x7F0D1272" Flags="0x00000000"/><AssemblyRef Name="Microsoft.SPOT.Native" Version="4.0.1681.0" Hash="0xB38EF6EE" Flags="0x00000000"/><AssemblyRef Name="Microsoft.SPOT.Hardware" Version="4.0.1681.0" Hash="0x1A18F62E" Flags="0x00000000"/><Type Name="Microsoft.SPOT.Sample.HelloWorldSample" Hash="0x3ED25509"/></Assembly><Assembly Name="Microsoft.SPOT.Hardware" Version="4.0.1681.0" Hash="0x1A18F62E" Flags="0x00000000"><AssemblyRef Name="mscorlib" Version="4.0.1681.0" Hash="0x7F0D1272" Flags="0x00000000"/><AssemblyRef Name="Microsoft.SPOT.Native" Version="4.0.1681.0" Hash="0xB38EF6EE" Flags="0x00000000"/><Type Name="Microsoft.SPOT.Hardware.Battery" Hash="0x480F3A3F"/><Type Name="Microsoft.SPOT.Hardware.Battery+ChargerModel" Hash="0x9390C26A"/><Type Name="Microsoft.SPOT.Hardware.I2CDevice" Hash="0x1EB15241"/><Type Name="Microsoft.SPOT.Hardware.I2CDevice+Configuration" Hash="0xCD2F0218"/><Type Name="Microsoft.SPOT.Hardware.SPI" Hash="0x24C7931B"/><Type Name="Microsoft.SPOT.Hardware.SPI+Configuration" Hash="0x195656FA"/><Type Name="Microsoft.SPOT.Hardware.NativeEventDispatcher" Hash="0x78A779FD"/><Type Name="Microsoft.SPOT.EventSink" Hash="0xC23D0AD1"/><Type Name="Microsoft.SPOT.EventSink+EventInfo" Hash="0x3C5913DD"/><Type Name="Microsoft.SPOT.Hardware.I2CDevice+I2CTransaction" Hash="0x616A37B0"/><Type Name="Microsoft.SPOT.Hardware.I2CDevice+I2CReadTransaction" Hash="0x3CCFFD4F"/><Type Name="Microsoft.SPOT.Hardware.I2CDevice+I2CWriteTransaction" Hash="0x34B6642C"/><Type Name="Microsoft.SPOT.Hardware.Port" Hash="0xA0C923DF"/><Type Name="Microsoft.SPOT.Hardware.Port+InterruptMode" Hash="0xAF958BB8"/><Type Name="Microsoft.SPOT.Hardware.LargeBufferMarshaller" Hash="0x7515DACE"/><Type Name="Microsoft.SPOT.Hardware.LargeBufferMarshaller+LargeBufferEventHandler" Hash="0xFFC93C8D"/><Type Name="Microsoft.SPOT.Hardware.Button" Hash="0xCA245395"/><Type Name="Microsoft.SPOT.Hardware.Cpu" Hash="0xCDBE7240"/><Type Name="Microsoft.SPOT.Hardware.HardwareEvent" Hash="0x31E81E0D"/><Type Name="Microsoft.SPOT.Hardware.HardwareProvider" Hash="0x7C585DB5"/><Type Name="Microsoft.SPOT.Hardware.InputPort" Hash="0xBA13FB8D"/><Type Name="Microsoft.SPOT.Hardware.InterruptPort" Hash="0xA698655E"/><Type Name="Microsoft.SPOT.Hardware.LargeBuffer" Hash="0x0B28CDA4"/><Type Name="Microsoft.SPOT.Hardware.NativeEventHandler" Hash="0xCA68F0DD"/><Type Name="Microsoft.SPOT.Hardware.OutputPort" Hash="0x6BC74CE3"/><Type Name="Microsoft.SPOT.Hardware.PowerEvent" Hash="0x576EFDBD"/><Type Name="Microsoft.SPOT.Hardware.PowerEventType" Hash="0xAEF961DA"/><Type Name="Microsoft.SPOT.Hardware.PowerLevel" Hash="0xEAE32F82"/><Type Name="Microsoft.SPOT.Hardware.PowerLevelChangeEventHandler" Hash="0xAD12A93B"/><Type Name="Microsoft.SPOT.Hardware.PowerState" Hash="0xE2A2DAE5"/><Type Name="Microsoft.SPOT.Hardware.PowerStateEventListener" Hash="0xA71E20B4"/><Type Name="Microsoft.SPOT.Hardware.PowerStateEventProcessor" Hash="0x3FDBBD4B"/><Type Name="Microsoft.SPOT.Hardware.RebootEventHandler" Hash="0x2640A1AB"/><Type Name="Microsoft.SPOT.Hardware.SleepChangeEventHandler" Hash="0xC4F11FD3"/><Type Name="Microsoft.SPOT.Hardware.SleepEvent" Hash="0x52749C67"/><Type Name="Microsoft.SPOT.Hardware.SleepEventType" Hash="0xD7D49B50"/><Type Name="Microsoft.SPOT.Hardware.SleepLevel" Hash="0x77863075"/><Type Name="Microsoft.SPOT.Hardware.TristatePort" Hash="0x900B6934"/><Type Name="Microsoft.SPOT.Hardware.Watchdog" Hash="0xFEF44DB4"/><Type Name="Microsoft.SPOT.Hardware.WatchdogBehavior" Hash="0xA7164358"/><Type Name="Microsoft.SPOT.Hardware.WatchdogEvent" Hash="0x8FAE255F"/><Type Name="Microsoft.SPOT.Hardware.WatchdogException" Hash="0x325ADD3B"/><Type Name="Microsoft.SPOT.Hardware.Cpu+Pin" Hash="0x4C7E5917"/><Type Name="Microsoft.SPOT.Hardware.Cpu+PinUsage" Hash="0x9C9342DE"/><Type Name="Microsoft.SPOT.Hardware.Cpu+PinValidInterruptMode" Hash="0x3CDCD1C5"/><Type Name="Microsoft.SPOT.Hardware.Cpu+PinValidResistorMode" Hash="0x8FF6728F"/><Type Name="Microsoft.SPOT.Hardware.Port+ResistorMode" Hash="0x21F4F26A"/><Type Name="Microsoft.SPOT.Hardware.SPI+SPI_module" Hash="0x2B5A3656"/><Type Name="System.IO.Ports.BaudRate" Hash="0x100C51D1"/><Type Name="System.IO.Ports.Handshake" Hash="0xAB3E6072"/><Type Name="System.IO.Ports.Parity" Hash="0xA0EBE523"/><Type Name="System.IO.Ports.Serial" Hash="0xADC31869"/><Type Name="System.IO.Ports.SerialData" Hash="0x89F1AD2F"/><Type Name="System.IO.Ports.SerialDataReceivedEventArgs" Hash="0x1236EDE6"/><Type Name="System.IO.Ports.SerialDataReceivedEventHandler" Hash="0xA6E2F7CB"/><Type Name="System.IO.Ports.SerialError" Hash="0xF5270647"/><Type Name="System.IO.Ports.SerialErrorReceivedEventArgs" Hash="0xDC94C29D"/><Type Name="System.IO.Ports.SerialErrorReceivedEventHandler" Hash="0xAF3307DC"/><Type Name="System.IO.Ports.SerialPortName" Hash="0xE0679265"/><Type Name="System.IO.Ports.StopBits" Hash="0xD53983F8"/></Assembly><Assembly Name="Microsoft.SPOT.Native" Version="4.0.1681.0" Hash="0xB38EF6EE" Flags="0x00000000"><AssemblyRef Name="mscorlib" Version="4.0.1681.0" Hash="0x7F0D1272" Flags="0x00000000"/><Type Name="Microsoft.SPOT.Reflection" Hash="0x323CB5CC"/><Type Name="Microsoft.SPOT.Reflection+AssemblyInfo" Hash="0xFB1C1D01"/><Type Name="Microsoft.SPOT.BaseEvent" Hash="0xB44BACD0"/><Type Name="Microsoft.SPOT.ConstraintException" Hash="0x5A0DE15F"/><Type Name="Microsoft.SPOT.Cryptography.Key" Hash="0x4B912295"/><Type Name="Microsoft.SPOT.Cryptography.Key_RSA" Hash="0xC860C460"/><Type Name="Microsoft.SPOT.Cryptography.Key_TinyEncryptionAlgorithm" Hash="0xE8033D00"/><Type Name="Microsoft.SPOT.Debug" Hash="0xFA7C3C48"/><Type Name="Microsoft.SPOT.EventArgs" Hash="0x3FBEC3F9"/><Type Name="Microsoft.SPOT.EventCategory" Hash="0x1D7EE22F"/><Type Name="Microsoft.SPOT.ExecutionConstraint" Hash="0xF6C8F5C9"/><Type Name="Microsoft.SPOT.ExtendedTimer" Hash="0x98B6A697"/><Type Name="Microsoft.SPOT.ExtendedWeakReference" Hash="0x3863374F"/><Type Name="Microsoft.SPOT.GenericEvent" Hash="0x31EC1AE7"/><Type Name="Microsoft.SPOT.GloballySynchronizedAttribute" Hash="0x3D39BCCC"/><Type Name="Microsoft.SPOT.Hardware.SystemInfo" Hash="0xCD3472B0"/><Type Name="Microsoft.SPOT.Hardware.Utility" Hash="0xCE9C0BB3"/><Type Name="Microsoft.SPOT.IEventListener" Hash="0x86C4B529"/><Type Name="Microsoft.SPOT.IEventProcessor" Hash="0x79AC8B1C"/><Type Name="Microsoft.SPOT.ILog" Hash="0xC86CBE0F"/><Type Name="Microsoft.SPOT.Math" Hash="0x574E2266"/><Type Name="Microsoft.SPOT.Messaging.EndPoint" Hash="0x4F4DE5AB"/><Type Name="Microsoft.SPOT.Messaging.Message" Hash="0x06839065"/><Type Name="Microsoft.SPOT.Native_Resources" Hash="0x11DB0736"/><Type Name="Microsoft.SPOT.ResourceUtility" Hash="0x52D72C5C"/><Type Name="Microsoft.SPOT.SerializationFlags" Hash="0xCF491042"/><Type Name="Microsoft.SPOT.SerializationHintsAttribute" Hash="0xA0453308"/><Type Name="Microsoft.SPOT.SystemTime" Hash="0x374F177A"/><Type Name="Microsoft.SPOT.TimeZoneId" Hash="0xE34D9936"/><Type Name="Microsoft.SPOT.TimeZoneInformation" Hash="0x8D6F48A0"/><Type Name="Microsoft.SPOT.Touch.TouchEvent" Hash="0x180CDC34"/><Type Name="Microsoft.SPOT.Touch.TouchInput" Hash="0x98D1DD83"/><Type Name="Microsoft.SPOT.Touch.TouchInputFlags" Hash="0xABBA3A52"/><Type Name="Microsoft.SPOT.Trace" Hash="0x6C540BDE"/><Type Name="Microsoft.SPOT.UnknownTypeException" Hash="0xE5E7BAB2"/><Type Name="Microsoft.SPOT.WeakDelegate" Hash="0x55C5B1A3"/><Type Name="Microsoft.SPOT.ExtendedWeakReference+PriorityLevel" Hash="0x56EFA355"/><Type Name="Microsoft.SPOT.Messaging.Message+RemotedException" Hash="0x58AADEA2"/><Type Name="Microsoft.SPOT.Native_Resources+StringResources" Hash="0x8733BF27"/><Type Name="Microsoft.SPOT.Hardware.SystemInfo+SystemID" Hash="0x6DCAEC00"/><Type Name="Microsoft.SPOT.ExtendedTimer+TimeEvents" Hash="0x3FA353BD"/></Assembly></AssemblyGraph>
