<?xml version="1.0" encoding="UTF-8"?><?xml-stylesheet type='text/xsl' href='_UpgradeReport_Files/UpgradeReport.xslt'?><UpgradeLog>
<Properties><Property Name="Solution" Value="EmoteEmulator">
</Property><Property Name="Solution File" Value="D:\Main\Emote-dev\Dev\MicroFrameworkPK_v4_0\Emulator\NETMF_EmoteEmulator\EmoteEmulator\EmoteEmulatorMatlab\EmoteEmulator.sln">
</Property><Property Name="Date" Value="Monday, May 07, 2012">
</Property><Property Name="Time" Value="15:56:22 PM">
</Property></Properties><Event ErrorLevel="0" Project="EmoteEmulator" Source="EmoteEmulator.csproj" Description="Project converted successfully">
</Event><Event ErrorLevel="3" Project="EmoteEmulator" Source="EmoteEmulator.csproj" Description="Converted">
</Event><Event ErrorLevel="0" Project="EmoteEmulator" Source="EmoteEmulator.csproj" Description="Scan complete: Upgrade not required for project files.">
</Event></UpgradeLog>