<?xml version="1.0" encoding="UTF-8"?><?xml-stylesheet type='text/xsl' href='_UpgradeReport_Files/UpgradeReport.xslt'?><UpgradeLog>
<Properties><Property Name="Solution" Value="MFDeploy">
</Property><Property Name="Solution File" Value="D:\Main\Emote-dev\Dev\MicroFrameworkPK_v4_0\Framework\Tools\MFDeploy\MFDeploy.sln">
</Property><Property Name="User Options File" Value="D:\Main\Emote-dev\Dev\MicroFrameworkPK_v4_0\Framework\Tools\MFDeploy\MFDeploy.suo">
</Property><Property Name="Date" Value="Thursday, October 13, 2011">
</Property><Property Name="Time" Value="13:27 PM">
</Property></Properties><Event ErrorLevel="0" Project="" Source="MFDeploy.sln" Description="File successfully backed up as D:\Main\Emote-dev\Dev\MicroFrameworkPK_v4_0\Framework\Tools\MFDeploy\bkup\Backup\MFDeploy.sln">
</Event><Event ErrorLevel="0" Project="" Source="MFDeploy.suo" Description="File successfully backed up as D:\Main\Emote-dev\Dev\MicroFrameworkPK_v4_0\Framework\Tools\MFDeploy\bkup\Backup\MFDeploy.suo">
</Event><Event ErrorLevel="0" Project="MFDeploy" Source="Application\MFDeploy.csproj" Description="Project file successfully backed up as D:\Main\Emote-dev\Dev\MicroFrameworkPK_v4_0\Framework\Tools\MFDeploy\bkup\Backup\Application\MFDeploy.csproj">
</Event><Event ErrorLevel="0" Project="MFDeploy" Source="Application\ArgumentParser.cs" Description="File successfully backed up as D:\Main\Emote-dev\Dev\MicroFrameworkPK_v4_0\Framework\Tools\MFDeploy\bkup\Backup\Application\ArgumentParser.cs">
</Event><Event ErrorLevel="0" Project="MFDeploy" Source="Application\UsbXmlConfig.cs" Description="File successfully backed up as D:\Main\Emote-dev\Dev\MicroFrameworkPK_v4_0\Framework\Tools\MFDeploy\bkup\Backup\Application\UsbXmlConfig.cs">
</Event><Event ErrorLevel="0" Project="MFDeploy" Source="Application\DeploymentStatusDialog.cs" Description="File successfully backed up as D:\Main\Emote-dev\Dev\MicroFrameworkPK_v4_0\Framework\Tools\MFDeploy\bkup\Backup\Application\DeploymentStatusDialog.cs">
</Event><Event ErrorLevel="0" Project="MFDeploy" Source="Application\DeploymentStatusDialog.Designer.cs" Description="File successfully backed up as D:\Main\Emote-dev\Dev\MicroFrameworkPK_v4_0\Framework\Tools\MFDeploy\bkup\Backup\Application\DeploymentStatusDialog.Designer.cs">
</Event><Event ErrorLevel="0" Project="MFDeploy" Source="Application\MFAboutBox.cs" Description="File successfully backed up as D:\Main\Emote-dev\Dev\MicroFrameworkPK_v4_0\Framework\Tools\MFDeploy\bkup\Backup\Application\MFAboutBox.cs">
</Event><Event ErrorLevel="0" Project="MFDeploy" Source="Application\MFAboutBox.Designer.cs" Description="File successfully backed up as D:\Main\Emote-dev\Dev\MicroFrameworkPK_v4_0\Framework\Tools\MFDeploy\bkup\Backup\Application\MFAboutBox.Designer.cs">
</Event><Event ErrorLevel="0" Project="MFDeploy" Source="Application\MFAppDeployDialog.cs" Description="File successfully backed up as D:\Main\Emote-dev\Dev\MicroFrameworkPK_v4_0\Framework\Tools\MFDeploy\bkup\Backup\Application\MFAppDeployDialog.cs">
</Event><Event ErrorLevel="0" Project="MFDeploy" Source="Application\MFAppDeployDialog.Designer.cs" Description="File successfully backed up as D:\Main\Emote-dev\Dev\MicroFrameworkPK_v4_0\Framework\Tools\MFDeploy\bkup\Backup\Application\MFAppDeployDialog.Designer.cs">
</Event><Event ErrorLevel="0" Project="MFDeploy" Source="Application\MFConfigNetworkDialog.cs" Description="File successfully backed up as D:\Main\Emote-dev\Dev\MicroFrameworkPK_v4_0\Framework\Tools\MFDeploy\bkup\Backup\Application\MFConfigNetworkDialog.cs">
</Event><Event ErrorLevel="0" Project="MFDeploy" Source="Application\MFConfigNetworkDialog.designer.cs" Description="File successfully backed up as D:\Main\Emote-dev\Dev\MicroFrameworkPK_v4_0\Framework\Tools\MFDeploy\bkup\Backup\Application\MFConfigNetworkDialog.designer.cs">
</Event><Event ErrorLevel="0" Project="MFDeploy" Source="Application\MFConfigUsbDialog.cs" Description="File successfully backed up as D:\Main\Emote-dev\Dev\MicroFrameworkPK_v4_0\Framework\Tools\MFDeploy\bkup\Backup\Application\MFConfigUsbDialog.cs">
</Event><Event ErrorLevel="0" Project="MFDeploy" Source="Application\MFConfigUsbDialog.designer.cs" Description="File successfully backed up as D:\Main\Emote-dev\Dev\MicroFrameworkPK_v4_0\Framework\Tools\MFDeploy\bkup\Backup\Application\MFConfigUsbDialog.designer.cs">
</Event><Event ErrorLevel="0" Project="MFDeploy" Source="Application\MFDebugTasks.cs" Description="File successfully backed up as D:\Main\Emote-dev\Dev\MicroFrameworkPK_v4_0\Framework\Tools\MFDeploy\bkup\Backup\Application\MFDebugTasks.cs">
</Event><Event ErrorLevel="0" Project="MFDeploy" Source="Application\MFDeployForm.cs" Description="File successfully backed up as D:\Main\Emote-dev\Dev\MicroFrameworkPK_v4_0\Framework\Tools\MFDeploy\bkup\Backup\Application\MFDeployForm.cs">
</Event><Event ErrorLevel="0" Project="MFDeploy" Source="Application\MFDeployForm.Designer.cs" Description="File successfully backed up as D:\Main\Emote-dev\Dev\MicroFrameworkPK_v4_0\Framework\Tools\MFDeploy\bkup\Backup\Application\MFDeployForm.Designer.cs">
</Event><Event ErrorLevel="0" Project="MFDeploy" Source="Application\Program.cs" Description="File successfully backed up as D:\Main\Emote-dev\Dev\MicroFrameworkPK_v4_0\Framework\Tools\MFDeploy\bkup\Backup\Application\Program.cs">
</Event><Event ErrorLevel="0" Project="MFDeploy" Source="Application\Properties\Resources.Designer.cs" Description="File successfully backed up as D:\Main\Emote-dev\Dev\MicroFrameworkPK_v4_0\Framework\Tools\MFDeploy\bkup\Backup\Application\Properties\Resources.Designer.cs">
</Event><Event ErrorLevel="0" Project="MFDeploy" Source="Application\Properties\Settings.Designer.cs" Description="File successfully backed up as D:\Main\Emote-dev\Dev\MicroFrameworkPK_v4_0\Framework\Tools\MFDeploy\bkup\Backup\Application\Properties\Settings.Designer.cs">
</Event><Event ErrorLevel="0" Project="MFDeploy" Source="Application\App.config" Description="File successfully backed up as D:\Main\Emote-dev\Dev\MicroFrameworkPK_v4_0\Framework\Tools\MFDeploy\bkup\Backup\Application\App.config">
</Event><Event ErrorLevel="0" Project="MFDeploy" Source="Application\Properties\Settings.settings" Description="File successfully backed up as D:\Main\Emote-dev\Dev\MicroFrameworkPK_v4_0\Framework\Tools\MFDeploy\bkup\Backup\Application\Properties\Settings.settings">
</Event><Event ErrorLevel="0" Project="MFDeploy" Source="Application\..\..\..\..\Documentation\MFDeploy.chm" Description="File successfully backed up as D:\Main\Emote-dev\Dev\MicroFrameworkPK_v4_0\Framework\Tools\MFDeploy\bkup\Backup\Application\..\..\..\..\Documentation\MFDeploy.chm">
</Event><Event ErrorLevel="0" Project="MFDeploy" Source="Application\DeploymentStatusDialog.resx" Description="File successfully backed up as D:\Main\Emote-dev\Dev\MicroFrameworkPK_v4_0\Framework\Tools\MFDeploy\bkup\Backup\Application\DeploymentStatusDialog.resx">
</Event><Event ErrorLevel="0" Project="MFDeploy" Source="Application\MFDeployForm.resx" Description="File successfully backed up as D:\Main\Emote-dev\Dev\MicroFrameworkPK_v4_0\Framework\Tools\MFDeploy\bkup\Backup\Application\MFDeployForm.resx">
</Event><Event ErrorLevel="0" Project="MFDeploy" Source="Application\Properties\Resources.resx" Description="File successfully backed up as D:\Main\Emote-dev\Dev\MicroFrameworkPK_v4_0\Framework\Tools\MFDeploy\bkup\Backup\Application\Properties\Resources.resx">
</Event><Event ErrorLevel="0" Project="MFDeploy" Source="Application\MFAboutBox.resx" Description="File successfully backed up as D:\Main\Emote-dev\Dev\MicroFrameworkPK_v4_0\Framework\Tools\MFDeploy\bkup\Backup\Application\MFAboutBox.resx">
</Event><Event ErrorLevel="0" Project="MFDeploy" Source="Application\MFAppDeployDialog.resx" Description="File successfully backed up as D:\Main\Emote-dev\Dev\MicroFrameworkPK_v4_0\Framework\Tools\MFDeploy\bkup\Backup\Application\MFAppDeployDialog.resx">
</Event><Event ErrorLevel="0" Project="MFDeploy" Source="Application\MFConfigNetworkDialog.resx" Description="File successfully backed up as D:\Main\Emote-dev\Dev\MicroFrameworkPK_v4_0\Framework\Tools\MFDeploy\bkup\Backup\Application\MFConfigNetworkDialog.resx">
</Event><Event ErrorLevel="0" Project="MFDeploy" Source="Application\MFConfigUsbDialog.resx" Description="File successfully backed up as D:\Main\Emote-dev\Dev\MicroFrameworkPK_v4_0\Framework\Tools\MFDeploy\bkup\Backup\Application\MFConfigUsbDialog.resx">
</Event><Event ErrorLevel="0" Project="MFDeploy" Source="Application\MFDeployIcon.ico" Description="File successfully backed up as D:\Main\Emote-dev\Dev\MicroFrameworkPK_v4_0\Framework\Tools\MFDeploy\bkup\Backup\Application\MFDeployIcon.ico">
</Event><Event ErrorLevel="0" Project="MFDeploy" Source="Application\MFDeploy.csproj" Description="Project converted successfully">
</Event><Event ErrorLevel="3" Project="MFDeploy" Source="Application\MFDeploy.csproj" Description="Converted">
</Event><Event ErrorLevel="0" Project="MFDeployEngine" Source="Library\MFDeployEngine.csproj" Description="Project file successfully backed up as D:\Main\Emote-dev\Dev\MicroFrameworkPK_v4_0\Framework\Tools\MFDeploy\bkup\Backup\Library\MFDeployEngine.csproj">
</Event><Event ErrorLevel="0" Project="MFDeployEngine" Source="Library\MFAppDeploy.cs" Description="File successfully backed up as D:\Main\Emote-dev\Dev\MicroFrameworkPK_v4_0\Framework\Tools\MFDeploy\bkup\Backup\Library\MFAppDeploy.cs">
</Event><Event ErrorLevel="0" Project="MFDeployEngine" Source="Library\MFConfigHelper.cs" Description="File successfully backed up as D:\Main\Emote-dev\Dev\MicroFrameworkPK_v4_0\Framework\Tools\MFDeploy\bkup\Backup\Library\MFConfigHelper.cs">
</Event><Event ErrorLevel="0" Project="MFDeployEngine" Source="Library\MFCRC.cs" Description="File successfully backed up as D:\Main\Emote-dev\Dev\MicroFrameworkPK_v4_0\Framework\Tools\MFDeploy\bkup\Backup\Library\MFCRC.cs">
</Event><Event ErrorLevel="0" Project="MFDeployEngine" Source="Library\MFCryptoWrapper.cs" Description="File successfully backed up as D:\Main\Emote-dev\Dev\MicroFrameworkPK_v4_0\Framework\Tools\MFDeploy\bkup\Backup\Library\MFCryptoWrapper.cs">
</Event><Event ErrorLevel="0" Project="MFDeployEngine" Source="Library\MFDeploy.cs" Description="File successfully backed up as D:\Main\Emote-dev\Dev\MicroFrameworkPK_v4_0\Framework\Tools\MFDeploy\bkup\Backup\Library\MFDeploy.cs">
</Event><Event ErrorLevel="0" Project="MFDeployEngine" Source="Library\MFDevice.cs" Description="File successfully backed up as D:\Main\Emote-dev\Dev\MicroFrameworkPK_v4_0\Framework\Tools\MFDeploy\bkup\Backup\Library\MFDevice.cs">
</Event><Event ErrorLevel="0" Project="MFDeployEngine" Source="Library\MFExceptions.cs" Description="File successfully backed up as D:\Main\Emote-dev\Dev\MicroFrameworkPK_v4_0\Framework\Tools\MFDeploy\bkup\Backup\Library\MFExceptions.cs">
</Event><Event ErrorLevel="0" Project="MFDeployEngine" Source="Library\MFKeyConfig.cs" Description="File successfully backed up as D:\Main\Emote-dev\Dev\MicroFrameworkPK_v4_0\Framework\Tools\MFDeploy\bkup\Backup\Library\MFKeyConfig.cs">
</Event><Event ErrorLevel="0" Project="MFDeployEngine" Source="Library\MFNetworkConfig.cs" Description="File successfully backed up as D:\Main\Emote-dev\Dev\MicroFrameworkPK_v4_0\Framework\Tools\MFDeploy\bkup\Backup\Library\MFNetworkConfig.cs">
</Event><Event ErrorLevel="0" Project="MFDeployEngine" Source="Library\MFPlugin.cs" Description="File successfully backed up as D:\Main\Emote-dev\Dev\MicroFrameworkPK_v4_0\Framework\Tools\MFDeploy\bkup\Backup\Library\MFPlugin.cs">
</Event><Event ErrorLevel="0" Project="MFDeployEngine" Source="Library\MFPlugInExceptions.cs" Description="File successfully backed up as D:\Main\Emote-dev\Dev\MicroFrameworkPK_v4_0\Framework\Tools\MFDeploy\bkup\Backup\Library\MFPlugInExceptions.cs">
</Event><Event ErrorLevel="0" Project="MFDeployEngine" Source="Library\MFPortDefinition.cs" Description="File successfully backed up as D:\Main\Emote-dev\Dev\MicroFrameworkPK_v4_0\Framework\Tools\MFDeploy\bkup\Backup\Library\MFPortDefinition.cs">
</Event><Event ErrorLevel="0" Project="MFDeployEngine" Source="Library\MFSslKeyConfig.cs" Description="File successfully backed up as D:\Main\Emote-dev\Dev\MicroFrameworkPK_v4_0\Framework\Tools\MFDeploy\bkup\Backup\Library\MFSslKeyConfig.cs">
</Event><Event ErrorLevel="0" Project="MFDeployEngine" Source="Library\MFUsbConfig.cs" Description="File successfully backed up as D:\Main\Emote-dev\Dev\MicroFrameworkPK_v4_0\Framework\Tools\MFDeploy\bkup\Backup\Library\MFUsbConfig.cs">
</Event><Event ErrorLevel="0" Project="MFDeployEngine" Source="Library\Properties\Resources.Designer.cs" Description="File successfully backed up as D:\Main\Emote-dev\Dev\MicroFrameworkPK_v4_0\Framework\Tools\MFDeploy\bkup\Backup\Library\Properties\Resources.Designer.cs">
</Event><Event ErrorLevel="2" Project="MFDeployEngine" Source="Library\..\..\..\..\crypto\lib\x86\dll\Crypto.dll" Description="Failed to backup file as D:\Main\Emote-dev\Dev\MicroFrameworkPK_v4_0\Framework\Tools\MFDeploy\bkup\Backup\Library\..\..\..\..\crypto\lib\x86\dll\Crypto.dll">
</Event><Event ErrorLevel="0" Project="MFDeployEngine" Source="Library\Properties\Resources.resx" Description="File successfully backed up as D:\Main\Emote-dev\Dev\MicroFrameworkPK_v4_0\Framework\Tools\MFDeploy\bkup\Backup\Library\Properties\Resources.resx">
</Event><Event ErrorLevel="0" Project="MFDeployEngine" Source="Library\MFDeployEngine.csproj" Description="Project converted successfully">
</Event><Event ErrorLevel="3" Project="MFDeployEngine" Source="Library\MFDeployEngine.csproj" Description="Converted">
</Event><Event ErrorLevel="0" Project="MFDeployCom" Source="MFDeployCom\MFDeployCom.csproj" Description="Project file successfully backed up as D:\Main\Emote-dev\Dev\MicroFrameworkPK_v4_0\Framework\Tools\MFDeploy\bkup\Backup\MFDeployCom\MFDeployCom.csproj">
</Event><Event ErrorLevel="0" Project="MFDeployCom" Source="MFDeployCom\Program.cs" Description="File successfully backed up as D:\Main\Emote-dev\Dev\MicroFrameworkPK_v4_0\Framework\Tools\MFDeploy\bkup\Backup\MFDeployCom\Program.cs">
</Event><Event ErrorLevel="0" Project="MFDeployCom" Source="MFDeployCom\MFDeployCom.csproj" Description="Project converted successfully">
</Event><Event ErrorLevel="3" Project="MFDeployCom" Source="MFDeployCom\MFDeployCom.csproj" Description="Converted">
</Event><Event ErrorLevel="0" Project="" Source="MFDeploy.sln" Description="Solution converted successfully">
</Event><Event ErrorLevel="3" Project="" Source="MFDeploy.sln" Description="Converted">
</Event><Event ErrorLevel="0" Project="MFDeploy" Source="Application\MFDeploy.csproj" Description="Scan complete: Upgrade not required for project files.">
</Event><Event ErrorLevel="0" Project="MFDeployEngine" Source="Library\MFDeployEngine.csproj" Description="Scan complete: Upgrade not required for project files.">
</Event><Event ErrorLevel="0" Project="MFDeployCom" Source="MFDeployCom\MFDeployCom.csproj" Description="Scan complete: Upgrade not required for project files.">
</Event></UpgradeLog>